
Abandonat_Abandoned
Abandonate_Abandoned
Abandonată_Abandoned
Abandonați_Abandoned
Abisal_OfTheAbyss
Abisale_OfTheAbyss
Abisali_OfTheAbyss
Abisală_OfTheAbyss
Abiselor_OfTheAbyss
Abisului_OfTheAbyss
Abrupt_Steep
Abrupte_Steep
Abruptă_Steep
Abrupți_Steep
Abundent_Rich
Abundente_Rich
Abundentă_Rich
Abundenți_Rich
Aburit_Steamy
Aburite_Steamy
Aburită_Steamy
Aburiți_Steamy
Aburoase_Steamy
Aburoasă_Steamy
Aburos_Steamy
Aburoși_Steamy
Abătut_Sorrow
Abătute_Sorrow
Abătută_Sorrow
Abătuți_Sorrow
Adormit_Asleep
Adormite_Asleep
Adormită_Aseleep
Adormiți_Asleep
Adânc_Deep
Adânce_Deep
Adânci_Deep
Adâncului_OfTheDeep
Adâncurilor_OfTheDeep
Adâncă_Deep
Afumat_Smoked
Afumate_Smoked
Afumată_Smoked
Afumați_Smoked
Afundat_Sunken
Afundate_Sunken
Afundată_Sunken
Afundați_Sunken
Afurisit_Damned
Afurisite_Damned
Afurisită_Damned
Afurisiți_Damned
Alb_White
Albastre_Blue
Albastru_Blue
Albastră_Blue
Albaștrii_Blue
Albe_White
Albi_White
Albă_White
Alungaților_OfTheBanished
Amar_Bitter
Amare_Bitter
Amari_Bitter
Amarului_OfGrief
Amară_Bitter
Amețit_Dizzy
Amețit_Stunned
Amețite_Dizzy
Amețite_Stunned
Amețitoare_Stunning
Amețitor_Stunning
Amețitori_Stunning
Amețită_Dizzy
Amețită_Stunned
Amețiți_Dizzy
Amețiți_Stunned
Amurgului_OfTwilight
Amărăciunii_OfGrief
Antic_Ancient
Antici_Ancient
Antică_Ancient
Aplecat_Inclined
Aplecate_Inclined
Aplecată_Inclined
Aplecați_Inclined
Apostolilor_OfTheApostle
Apostolului_OfTheApostle
Aprig_Fiery
Aprige_Fiery
Aprigi_Fiery
Aprigă_Fiery
Apropriate_NearEachOther
Apropriați_NearEachOther
Apus_Fallen
Apuse_Fallen
Apusean_Eastern
Apuseană_Eastern
Apusene_Eastern
Apuseni_Eastern
Apusă_Fallen
Apuși_Fallen
Argintie_Silver
Argintii_Silver
Argintiu_Silver
Arid_Arid
Aride_Arid
Aridă_Arid
Arizi_Arid
Armonioase_Harmonious
Armonioasă_Harmonious
Armonios_Harmonious
Armonioși_Harmonious
Ars_Burnt
Arse_Burnt
Arsă_Burnt
Articulat_Articulated
Articulate_Articulated
Articulată_Articulated
Articulați_Articulated
Arzătoare_Scorching
Arzător_Scorching
Arzători_Scorching
Arși_Burnt
Ascuns_Hidden
Ascunse_Hidden
Ascunsă_Hidden
Ascunși_Hidden
Ascuțit_Sharp
Ascuțite_Sharp
Ascuțiti_Sharp
Ascuțită_Sharp
Astupat_Plugged
Astupate_Plugged
Astupată_Plugged
Astupați_Plugged
Asurzitoare_Deafening
Asurzitor_Deafening
Asurzitori_Deafening
Aurie_Golden
Aurii_Golden
Auriu_Golden
Avariției_OfAvarice
Avuției_OfWealth
Avuțiilor_OfWealth
Babei_OfTheElder
Babelor_OfTheElder
Binelui_OfGood
Biruinței_OfVictory
Blestemat_Cursed
Blestemate_Cursed
Blestemată_Cursed
Blestemați_Cursed
Blând_Mild
Blânde_Mild
Blândă_Mild
Blânzi_Mild
Bogat_Rich
Bogate_Rich
Bogată_Rich
Bogați_Rich
Boierească_OfTheNoble
Boieresc_OfTheNoble
Boierești_OfTheNoble
Boierilor_OfTheNoble
Bolnav_Sick
Bolnave_Sick
Bolnavi_Sick
Bolnavă_Sick
Bolnăvicioase_Sickly
Bolnăvicioasă_Sickly
Bolnăvicios_Sickly
Bolnăvicioși_Sickly
Bombat_Bulged
Bombate_Bulged
Bombată_Bulged
Bombați_Bulged
Boreal_Norhtern
Boreale_Northern
Boreali_Northern
Boreală_Northern
Brav_Brave
Brave_Brave
Bravi_Brave
Bravă_Brave
Brun_Brown
Brune_Brown
Bruni_Brown
Brună_Brown
Brutal_Brutal
Brutale_Brutal
Brutali_Brutal
Brutală_Brutal
Bucuroase_Happy
Bucuroasă_Happy
Bucuros_Happy
Bucuroși_Happy
Bulbucat_Bulged
Bulbucate_Bulged
Bulbucată_bulged
Bulbucați_Bulged
Bunăvoinței_OfBenevolence
Bântuit_Haunted
Bântuite_Haunted
Bântuită_Haunted
Bântuiți_Haunted
Bătrân_Elder
Bătrâne_Elder
Bătrâni_Elder
Bătrânilor_OfTheElder
Bătrânului_OfTheElder
Bătrână_Elder
Cald_Warm
Calde_Warm
Caldă_Warm
Calm_Calm
Calme_Calm
Calmi_Calm
Calmă_Calm
Calzi_Warm
Canceroase_Cancerous
Canceroasă_Cancerous
Canceros_Cancerous
Canceroși_Cancerous
Carnagiilor_OfCarnage
Carnagiului_OfCarnage
Catastrofei_OfCatastrophy
Catastrofelor_OfCatastrophy
Cavernoase_Cavernous
Cavernoasă_Cavernous
Cavernos_Cavernous
Cavernoși_Cavernous
Celest_Celestial
Celestă_Celestial
Celești_Celestial
Central_Central
Centrale_Central
Centrali_Central
Centrală_Central
Cenușii_OfAsh
Cenușăresei_OfTheCinderella
Cerească_Celestial
Ceresc_Celestial
Cerești_Celestial
Cețoase_Misty
Cețoasă_Misty
Cețos_Misty
Cețoși_Misty
Cheală_Bald
Chel_Bald
Chele_Bald
Cheli_Bald
Chinuit_Tormented
Chinuite_Tormented
Chinuită_Tormented
Chinuiți_Tormented
Chinului_OfTorment
Chinurilor_OfTorment
Circular_Circular
Circulare_Circular
Circulari_Circular
Circulară_Circular
Ciumei_OfThePlague
Ciumelor_OfThePlague
Cleioase_Sticky
Cleioasă_Sticky
Cleios_Sticky
Cleioși_Sticky
Cocoșat_Hunched
Cocoșate_Hunched
Cocoșată_Hunched
Cocoșați_Hunched
Colindei_OfTheGospel
Colindelor_OfTheGospel
Colorat_Coloured
Colorate_Coloured
Colorată_Coloured
Colorați_Coloured
Colosal_Colossal
Colosale_Colossal
Colosali_Colossal
Colosală_Colossal
Colțoase_Fangy
Colțoasă_Fangy
Colțos_Fangy
Colțoși_Fangy
Colțuroase_Edgy
Colțuroasă_Edgy
Colțuros_Edgy
Colțuroși_Edgy
Condamnatului_OfTheDamned
Condamnaților_OfTheDamned
Condamnării_OfDamnation
Condamnărilor_OfDamnation
Confuziei_OfConfusion
Confuziilor_OfConfusion
Coroanei_OfTheCrown
Coroziv_Corrosive
Corozive_Corrosive
Corozivi_Corrosive
Corozivă_Corrosive
Corupt_Corrupted
Corupte_Corrupted
Coruptă_Corrupted
Corupătoare_Corrupting
Corupător_Corrupting
Corupători_Corrupting
Corupți_Corrupted
Corupției_OfCorruption
Corupților_OfTheCorrupted
Cotropit_Invaded
Cotropite_Invaded
Cotropită_Invaded
Cotropiți_Invaded
Coșmarelor_OfTheNightmare
Coșmarului_OfTheNightmare
Craiului_OfTheKing
Creață_Curly
Crepuscular_OfTwilight
Crepusculare_OfTwilight
Crepusculari_OfTwilight
Crepusculară_OfTwilight
Crepusculului_OfTwilight
Crestat_Jagged
Crestate_Jagged
Crestată_Jagged
Crestați_Jagged
Creț_Curly
Crețe_Curly
Creți_Curly
Crimei_OfCrime
Crimelor_OfCrime
Cristalin_Crystaline
Cristaline_Crystaline
Cristalini_Crystaline
Cristalină_Crystaline
Crucificării_OfCrucifixion
Crucii_OfTheCross
Crucilor_OfTheCross
Crud_Harsh
Crude_Harsh
Crudă_Harsh
Crunt_Cruel
Crunte_Cruel
Cruntă_Cruel
Crunți_Cruel
Cruzi_Harsh
Cruțătoare_Sparing
Cruțător_Sparing
Cruțători_Sparing
Crăiască_Kingly
Crăiesc_Kingly
Crăiești_Kingly
Culcat_Lying
Culcate_Lying
Culcată_Lying
Culcați_Lying
Culorilor_OfTheColour
Cultistului_OfTheCultist
Cultiștilor_OfTheCultist
Cumplit_Terrible
Cumplite_Terrible
Cumplită_Terrible
Cumpliți_Terrible
Cumpătat_Temperate
Cumpătate_Temperate
Cumpătată_Temperate
Cumpătați_Temperate
Curajului_OfBravery
Curbat_Curved
Curbate_Curved
Curbată_Curved
Curbați_Curved
Cutremurelor_OfEarthquakes
Cutremurătoare_Terrible
Cutremurător_Terrible
Cutremurători_Terrible
Cântecelor_OfSongs
Cântecelor_OfTheSong
Cântecului_OfTheSong
Cântării_OfSinging
Cântărilor_OfSinging
Cântătoare_Singing
Cântător_Singing
Cântători_Singing
Câștigului_OfWin
Câștigurilor_OfWin
Călduroase_Warm
Călduroasă_Warm
Călduros_Warm
Călduroși_Warm
Călugărească_OfTheMonk
Călugăresc_OfTheMonk
Călugărești_OfTheMonk
Călugărilor_OfTheMonk
Călugăriței_OfTheMonk
Călugărului_OfTheMonk
Decimat_Decimated
Decimate_Decimated
Decimată_Decimated
Decimați_Decimated
Deformat_Deformed
Deformate_Deformed
Deformată_Deformed
Deformați_Deformed
Defăimat_Naught
Defăimate_Naught
Defăimată_Naught
Defăimați_Naught
Delictelor_OfDelict
Delictului_OfDelict
Demenței_OfDementia
Demnității_OfDignity
Demonic_Demonic
Demonice_Demonic
Demonici_Demonic
Demonică_Demonic
Depărtate_ApartFromEachOther
Depărtați_ApartFromEachOther
Desacralizat_Desecrated
Desacralizate_Desecrated
Desacralizată_Desecrated
Desacralizați_Desecrated
Deschis_Open
Deschise_Open
Deschisă_Open
Deschiși_Open
Destinelor_OfFate
Destinului_OfFate
Dezastrelor_OfDisaster
Dezastrului_OfDisaster
Dezastruoase_Disastrous
Dezastruoasă_Disastrous
Dezastruos_Disastrous
Dezastruoși_Disastrous
Diabolic_Evil
Diabolice_Evil
Diabolici_Evil
Diabolică_Evil
Diavolească_OfTheDevil
Diavolesc_OfTheDevil
Diavolești_OfTheDevil
Diavolului_OfTheDevil
Diform_Deformed
Diforme_Deformed
Diformi_Deformed
Diformă_Deformed
Discordiei_OfDiscord
Disperării_OfDespair
Disperărilor_OfDespair
Dispărut_Disappeared
Dispărute_Disappeared
Dispărută_Disappeared
Dispăruți_Disappeared
Distrugerii_OfDestruction
Distrugerilor_OfDestruction
Distrus_Destroyed
Distruse_Destroyed
Distrusă_Destroyed
Distruși_Destroyed
Doborât_Downed
Doborâte_Downed
Doborâtă_Downed
Doborâți_Downed
Dominitorului_OfTheLord
Domnească_OfTheLord
Domnesc_OfTheLord
Domnești_OfTheLord
Domnitoarei_OfTheLord
Domnitorilor_OfTheLord
Domnului_OfTheLord
Dorințelor_OfWishes
Dorului_OfLonging
Dracilor_OfTheDevil
Dracului_OfTheDevil
Dreaptă_Straight
Drept_Straight
Drepte_Straight
Drepți_Straight
Duhnitoare_Stinky
Duhnitor_Stinky
Duhnitori_Stinky
Duhului_OfTheGhost
Dumnezeiască_OfTheGod
Dumnezeiești_OfTheGod
Dumnezeisc_OfTheGod
Dur_Rough
Dure_Rough
Durerii_OfPain
Durerilor_OfPain
Duri_Rough
Dură_Rough
Dușmăniei_OfGrudge
Dărăpănat_Dilapidated
Dărăpănate_Dilapidated
Dărăpănată_Dilapidated
Dărăpănați_Dilapidated
Eliberării_OfLiberation
Enorm_Enormous
Enorme_Enormous
Enormi_Enormous
Enormă_Enormous
Epuizant_Exhausting
Epuizante_Exhausting
Epuizantă_Exhausting
Epuizanți_Exhausting
Eroilor_OfTheHero
Eroinelor_OfTheHero
Eroului_OfTheHero
Estic_Eastern
Estice_Eastern
Estici_Eastern
Estică_Eastern
Etern_Eternal
Eterne_Eternal
Eterni_Eternal
Eternă_Eternal
Extenuant_Exhausting
Extenuante_Exhausting
Extenuantă_Exhausting
Extenuanți_Exhausting
Falnic_Mighty
Falnice_Mighty
Falnici_Mighty
Falnică_Mighty
Fanaticilor_OfTheFanatic
Fanaticului_OfTheFanatic
Fantasmei_WithGhost
Fantasmelor_WithGhost
Fantastic_Fantastic
Fantastice_Fantastic
Fantastici_Fantastic
Fantastică_Fantastic
Fanteziei_OfFantasy
Fanteziile_OfFantasy
Fantomei_WithGhost
Fantomelor_WithGhost
Ferit_Lonely
Ferite_Lonely
Ferită_Lonely
Feriți_Lonely
Ferm_Firm
Ferme_Firm
Fermecat_Charmed
Fermecate_Charmed
Fermecată_Charmed
Fermecați_Charmed
Fermi_Firm
Fermă_Firm
Feroce_Fierce
Fieroase_Ferous
Fieroasă_Ferous
Fieros_Ferous
Fieroși_Ferous
Fioroase_Fierce
Fioroasă_Fierce
Fioros_Fierce
Fioroși_Fierce
Fiorurilor_OfFear
Firav_Fragile
Firave_Fragile
Firavi_Fragile
Firavă_Fragile
Fisurat_Cracked
Fisurate_Cracked
Fisurată_Cracked
Fisurați_Cracked
Flămând_Hungry
Flămânde_Hungry
Flămânzi_Hungry
Flănândă_Hungry
Focului_OfFire
Fosilifer_WithFossils
Fosilifere_WithFossils
Fosiliferi_WithFossils
Fosiliferă_WithFossils
Fragil_Fragile
Fragile_Fragile
Fragili_Fragile
Fragilă_Fragile
Fragmentat_Fragmented
Fragmentate_Fragmented
Fragmentată_Fragmented
Fragmentați_Fragmented
Friguroase_Cold
Friguroasă_Cold
Friguros_Cold
Friguroși_Cold
Frumoase_Beautiful
Frumoasă_Beautiful
Frumos_Beautiful
Frumoși_Beautiful
Fruntaș_Frontal
Fruntașe_Frontal
Fruntași_Frontal
Fruntașă_Frontal
Fumegătoare_Smoking
Fumegător_Smoking
Fumegători_Smoking
Fumurie_Smoky
Fumurii_Smoky
Fumuriu_Smoky
Funebre_Funeral
Funebri_Funeral
Funebru_Funeral
Funebră_Funeral
Funeral_Funeral
Funerale_Funeral
Funerali_Funeral
Funerală_Funeral
Furiei_OfFury
Furioase_Furious
Furioasă_Furious
Furios_Furious
Furioși_Furious
Furtunii_OfTheStorm
Furtunilor_OfTheStorm
Furtunoase_Stormy
Furtunoasă_Stormy
Furtunos_Stormy
Furtunoși_Stormy
Fălniciei_OfMight
Galben_Yellow
Gigant_Gigantic
Gigantic_Gigantic
Gigantica_Gigantic
Gigantice_Gigantic
Gigantici_Gigantic
Gigantă_Gigantic
Gloriei_OfGlory
Glorioase_Glorious
Glorioasă_Glorious
Glorios_Glorious
Glorioși_Glorious
Goale_Empty
Goală_Empty
Goi_Empty
Gol_Empty
Grandioase_Grand
Grandioasă_Grand
Grandios_Grand
Grandioși_Grand
Gri_Gray
Groazei_OfFear
Groaznic_Fearful
Groaznice_Fearful
Groaznici_Fearful
Groaznică_Fearful
Grănicer_AtTheBorder
Grăniceră_AtTheBorder
Haiducească_OfTheOutlaw
Haiducesc_OfTheOutlaw
Haiducești_OfTheOutlaw
Haiducilor_OfTheOutlaw
Haiducului_OfTheOutlaw
Haosului_Chaotic
Haotic_Chaotic
Haotice_Chaotic
Haotici_Chaotic
Haotică_Chaotic
Hoților_OfTheThief
Hoțului_OfTheThief
Iadului_OfHell
Iluziei_OfIllusion
Iluziilor_OfIllusion
Imanși_Immense
Imens_Immense
Imense_Immense
Imensă_Immense
Imperatoarei_OfTheEmperor
Imperatoarelor_OfTheEmperor
Imperatorilor_OfTheEmperor
Imperatorului_OfTheEmperor
Imperial_Imperial
Imperiale_Imperial
Imperiali_Imperial
Imperială_Imperial
Important_Important
Importante_Important
Importantă_Important
Importanți_Important
Impunătoare_Imposing
Impunător_Imposing
Impunători_Imposing
Inamic_Enemy
Inamice_Enemy
Inamici_Enemy
Inamică_Enemy
Incoruptibil_Incorruptible
Incoruptibile_Incorruptible
Incoruptibili_Incorruptible
Incoruptibilă_Incorruptible
Inferioare_Inferior
Inferior_Inferior
Inferiori_Inferior
Infernal_Infernal
Infernale_Infernal
Infernali_Infernal
Infernală_Infernal
Infim_Insignificant
Infime_Insignificant
Infimi_Insignificant
Infimă_Insignificant
Infinitului_OfInfinity
Inimii_OfTheHeart
Interzis_Forbidden
Interzise_Forbidden
Interzisă_Forbidden
Interziși_Forbidden
Intrigii_OfIntrigue
Inundat_Flooded
Inundate_Flooded
Inundată_Flooded
Inundați_Flooded
Invidiei_OfEnvy
Iradiat_Irradiated
Iradiate_Irradiated
Iradiată_Irradiated
Iradiați_Irradiated
Ispitei_OfTemptation
Ispitelor_OfTemptation
Ispititoare_Tempting
Ispititor_Tempting
Ispititori_Tempting
Istovitoare_Exhausting
Istovitor_Exhausting
Istovitori_Exhausting
Iubirii_OfLove
Izbândei_OfVictory
Izgoniților_OfTheBanished
Izolat_Lonely
Izolate_Lonely
Izolată_Lonely
Izolați_Lonely
Jertfelor_OfOfferings
Jigărit_Weedy
Jigărite_Weedy
Jigărită_Weedy
Jigăriți_Weedy
Joase_Lower
Josnic_Low
Josnice_low
Josnici_Low
Josnică_Low
Joși_Lower
Jurământului_OfTheOath
Labirintic_Labyrinthine
Labirintice_Labyrinthine
Labirintici_Labyrinthine
Labirintică_Labyrinthine
Lacrimilor_OfTears
Larg_Big
Largi_Big
Largă_Big
Lat_Wide
Late_Wide
Lată_Wide
Lați_Wide
Legământului_OfTheCovenant
Lemnoase_Woody
Lemnoasă_Woody
Lemnos_Woody
Lemnoși_Woody
Liber_Free
Libere_Free
Liberi_Free
Liberă_Free
Limpede_Clear
Limpezi_Clear
Liniștit_Calm
Liniștite_Calm
Liniștită_Calm
Liniștiți_Calm
Lipicioase_Sticky
Lipicioasă_Sticky
Lipicios_Sticky
Lipicioși_Sticky
Lipitorii_OfTheLeech
Lipitorilor_OfTheLeech
Luminii_Light
Luminilor_Light
Luminoase_Light
Luminoasă_Light
Luminos_Light
Luminoși_Light
Lăcomiei_OfGreed
Magnific_Magnificent
Magnifice_Magnificent
Magnifici_Magnificent
Magnifică_Magnificent
Maiestuoasă_Majestic
Maiestuoși_Majestic
Majestic_Majestic
Majestice_Majestic
Majestici_Majestic
Majestică_Majestic
Major_Major
Majore_Major
Majori_Major
Majoră_Major
Maniei_OfMania
Mare_Big
Mari_Big
Masacrat_Massacred
Masacrate_Massacred
Masacrată_Massacred
Masacrați_Massacred
Masacrelor_OfMassacre
Masacrului_OfMassacre
Masiv_Massive
Masive_Massive
Masivi_Massive
Masivă_Massive
Medie_Medium
Medii_Medium
Mediu_medium
Meiestuos_Mejestic
Meridional_Southern
Meridionale_Southern
Meridionali_Southern
Meridională_Southern
Meschin_Petty
Meschine_Petty
Meschini_Petty
Meschină_Petty
Metalic_Metallic
Metalice_Metallic
Metalici_Metallic
Metalică_Metallic
Metalifer_Metalliferous
Metalifere_Metalliferous
Metaliferi_Metalliferous
Metaliferă_Metalliferous
Mic_Small
Mici_Small
Mică_Small
Mijlocie_Central
Mijlocii_Central
Mijlociu_Central
Minciunii_OfLies
Minciunilor_OfLies
Minor_Minor
Minore_Minor
Minori_Minor
Minoră_Minor
Minunat_Wonder
Minunate_Wonder
Minunată_Wonder
Minunați_Wonder
Minunii_OfWonders
Minunilor_OfWonders
Mirelui_Groom
Miresei_Bride
Mireselor_Bride
Mirilor_Groom
Misterioase_Misterious
Misterioasă_Misterous
Misterios_Misterious
Misterioși_Misterious
Moale_Soft
Moarte_Dead
Moartă_Dead
Moderat_Moderate
Moderate_Moderate
Moderată_Moderate
Moderați_Moderate
Mohorât_Bleak
Mohorâte_Bleak
Mohorâtă_Bleak
Mohorâți_Bleak
Moi_Soft
Monoton_Dull
Monotone_Dull
Monotoni_Dull
Monotonă_Dull
Monstruoase_Monster
Monstruoasă_Monster
Monstruos_Monster
Monstruoși_Monster
Mormintelor_OfTheGraves
Morocănoase_Grumpy
Morocănoasă_Grumpy
Morocănos_Grumpy
Morocănoși_Grumpy
Mort_Dead
Mortului_OfTheDead
Morți_Dead
Morții_Dead
Morților_OfTheDead
Moșilor_OfTheElder
Moșului_OfTheElder
Murg_DarkColoured
Murge_DarkColoured
Murgi_DarkColoured
Murgă_DarkColoured
Muritoare_Mortal
Muritor_Mortal
Muritori_Mortal
Mâloase_Muddy
Mâloasă_Muddy
Mâlos_Muddy
Mâloși_Muddy
Mâncat_Eaten
Mâncate_Eaten
Mâncată_Eaten
Mâncați_Eaten
Mândre_Proud
Mândriei_OfProudness
Mândrii_Proud
Mândru_Proud
Mândră_Proud
Mâniei_OfWrath
Mântuirii_OfSalvation
Măcelelor_OfSlaughter
Măcelului_OfSlaughter
Mănastirească_Monastery
Mănăstiresc_Monastery
Mănăstirești_Monastery
Măreață_Mighty
Măreț_Mighty
Mărețe_Mighty
Măreți_Mighty
Măriei_OfMary
Mărunțit_Shredded
Mărunțite_Shredded
Mărunțită_Shredded
Mărunțiți_Shredded
Neagră_Black
Neatins_Virgin
Neatinse_Virgin
Neatinsă_Virgin
Neatinși_Virgin
Nebuloase_Nebulous
Nebuloasă_Nebulous
Nebulos_Nebulous
Nebuloși_Nebulous
Nebunilor_OfTheMadman
Nebunului_OfTheMadman
Necazului_OfSorrow
Necazurilor_OfSorrow
Neclintit_Firm
Neclintite_Firm
Neclintită_Firm
Neclintiți_Firm
Necruțătoare_Ruthless
Necruțător_Ruthless
Necruțători_Ruthless
Necumpătat_Intemperate
Necumpătate_Intemperate
Necumpătată_Intemperate
Necumpătați_Intemperate
Necurat_Unholy
Necurate_Unholy
Necuratului_OfTheDevil
Necurată_Unholy
Necurați_Unholy
Necăjit_Sorrow
Necăjite_Sorrow
Necăjită_Sorrow
Necăjiți_Sorrow
Necălcat_Unknown
Necălcate_Unknown
Necălcată_Unknown
Necălcați_Unknown
Neexplorat_Unexplored
Neexplorate_Unexplored
Neexplorată_Unexplored
Neexplorați_Unexplored
Neglijabil_Negligible
Neglijabile_Negligible
Neglijabili_Negligible
Neglijabilă_Negligible
Negre_Black
Negri_Black
Negricioase_Black
Negricioasă_Black
Negricios_Black
Negricioși_Black
Negru_Black
Neguroase_Misty
Neguroasă_Misty
Neguros_Misty
Neguroși_Misty
Neimportant_Unimportant
Neimportante_Unimportant
Neimportantă_Unimportant
Neimportanți_Unimportant
Nelimitat_Limitless
Nelimitate_Limitless
Nelimitată_Limitless
Nelimitați_Limitless
Nemaipomenit_Unbeliveable
Nemaipomenite_Unbeliveable
Nemaipomenită_Unbeliveable
Nemaipomeniți_Unbeliveable
Nemiloase_Harsh
Nemiloasă_Harsh
Nemilos_Harsh
Nemiloși_Harsh
Nemuritoare_Eternal
Nemuritor_Eternal
Nemuritori_Eternal
Neprielnic_Unfavourable
Neprielnice_Unfavourable
Neprielnici_Unfavourable
Neprielnică_Unfavourable
Neputinței_OfHelplessness
Nestematelor_OfJewels
Nestingherit_Unimpeded
Nestingherite_Unimpeded
Nestingherită_Unimpeded
Nestingheriți_Unimpeded
Nestrăbătut_Unknown
Nestrăbătute_Unknown
Nestrăbătută_Unknown
Nestrăbătuți_Unknown
Nesăbuinței_OfTheFolly
Neted_Smooth
Netede_Smooth
Netedă_Smooth
Netezi_Smooth
Netulburat_Untroubled
Netulburate_Untroubled
Netulburată_Untroubled
Netulburați_Untroubled
Neumblat_Unexplored
Neumblate_Unexplored
Neumblată_Unexplored
Neumblați_Unexplored
Neîmblânzit_Untamed
Neîmblânzite_Untamed
Neîmblânzită_Untamed
Neîmblânziți_Untamed
Neîndărătnicit_Unrelenting
Neîndărătnicite_Unrelenting
Neîndărătnicită_Unrelenting
Neîndărătniciți_Unrelenting
Neînsemnat_Insignificant
Neînsemnate_Insignificant
Neînsemnată_Insignificant
Neînsemnați_Insignificant
Neînvins_Unbeaten
Neînvinse_Unbeaten
Neînvinsă_Unbeaten
Neînvinși_Unbeaten
Nimănui_OfNobody
Nobil_Noble
Nobile_Noble
Nobili_Noble
Nobiliar_OfTheNoble
Nobiliare_OfTheNoble
Nobiliari_OfTheNoble
Nobiliară_OfTheNoble
Nobililor_OfTheNoble
Nobilă_Noble
Noi_New
Nordic_Nordic
Nordice_Nordic
Nordici_Nordic
Nordică_Nordic
Noroace_OfLuck
Norocoase_Fortunate
Norocoasă_Fortunate
Norocos_Fortunate
Norocoși_Fortunate
Norocului_OfLuck
Noroioase_Mudy
Noroioasă_Mudy
Noroios_Mudy
Noroioși_Mudy
Nou_New
Nouă_New
Nălucii_OfGhost
Nălucilor_OfGhost
Nămoloase_Muddy
Nămoloasă_Muddy
Nămolos_Muddy
Nămoloși_Muddy
Năpastei_OfBlight
Năpastelor_OfBlight
Năruit_Ruined
Năruite_Ruined
Năruită_Ruined
Năruiți_Ruined
Năucit_Stunned
Năucite_Stunned
Năucitoare_Stunning
Năucitor_Stunning
Năucitori_Stunning
Năucită_Stunned
Năuciți_Stunned
Oamenilor_OfMen
Oaselor_OfBones
Obosit_Tired
Obosite_Tired
Obositoare_Exhausting
Obositor_Exhausting
Obositori_Exhausting
Obosită_Tired
Obosiți_Tired
Obscur_Obscure
Obscure_Obscure
Obscuri_Obscure
Obscură_Obsucre
Occidental_Western
Occidentale_Western
Occidentali_Western
Occidentală_Western
Ocultului_OfTheOcult
Odihnii_OfRest
Ofensei_OfOffence
Ofenselor_OfOffence
Ofilit_Withered
Ofilite_Withered
Ofilită_Withered
Ofiliți_Withered
Ofrandelor_OfOfferings
Omagiat_Homaged
Omagiate_Homaged
Omagiată_Homaged
Omagiați_Homaged
Omagiilor_OfHomage
Omagiului_OfHomage
Omenirii_OfMen
Omului_OfMen
Onoarei_OfHonor
Onorat_Honored
Onorului_OfHonor
Onorurilor_OfHonor
Opulenței_OfOpulence
Oribil_Horrible
Oribile_Horrible
Oribili_Horrible
Oribilă_Horrible
Oriental_Eastern
Orientale_Eastern
Orientali_Eastern
Orientală_Eastern
Osdândiți_Doom
Ostil_Hostile
Ostile_Hostile
Ostili_Hostile
Ostilă_Hostile
Osândei_Doom
Osândit_Doom
Osândite_Doom
Osândită_Doom
Otrăvit_Poisoned
Otrăvite_Poisoned
Otrăvită_Poisoned
Otrăviți_Poisoned
Pagubei_OfLoss
Pagubelor_OfLoss
Palatal_Palatine
Palatale_Palatine
Palatali_Palatine
Palatală_Palatine
Palatinal_Palatine
Palatinale_Palatine
Palatinali_Palatine
Palatinală_Palatine
Palid_Pale
Palide_Palid
Palidă_Pale
Palizi_Pale
Paradiselor_OfHeaven
Paradisului_OfHeaven
Paraziților_OfParasites
Pasiunii_OfPassion
Pasiunilor_OfPassion
Patimei_OfPassion
Patimilor_OfPassion
Pașnic_Peaceful
Pașnice_Peaceful
Pașnici_Peaceful
Pașnică_Peaceful
Pedepsei_OfPunishment
Pedepselor_OfPunishment
Pelerinilor_OfThePilgrim
Pelerinului_OfThePilgrim
Perdiției_OfPerdition
Perdițiilor_OfPerdition
Periculoase_Dangerous
Periculoasă_Dangerous
Periculos_Dangerous
Periculoși_Dangerous
Perseverenței_OfPerseverance
Persistent_Persistent
Persistente_Persistent
Persistentă_Persistent
Persistenți_Persistent
Pierderii_OfLoss
Pierderilor_OfLoss
Pierdut_Lost
Pierdute_Lost
Pierdută_Lost
Pierduți_Lost
Pierzaniei_OfPerdition
Pierzaniilor_OfPedition
Pierzătoare_Looser
Pierzător_Looser
Pierzători_Looser
Pietroase_Rocky
Pietroasă_Rocky
Pietros_Rocky
Pietroși_Rocky
Pieziș_Sloped
Piezișe_Sloped
Pieziși_Sloped
Piezișă_Sloped
Piratului_OfThePirate
Piraților_OfThePirate
Pitic_Small
Pitic_Smallă
Pitici_Small
Pitorească_Rustic
Pitoresc_Rustic
Pitorești_Rustic
Plin_Full
Pline_Full
Plini_Full
Plină_Full
Plângătoare_Crying
Plângător_Crying
Plângători_Crying
Plânsetelor_OfTheCries
Plânsetului_OfTheCries
Plânsului_OfTheCries
Plăcerii_OfPleasure
Plăcerilor_OfPleasure
Popii_Preist
Portocalie_Orange
Portocalii_Orange
Portocaliu_Orange
Poruncilor_OfCommands
Potolit_Calm
Potolite_Calm
Potolită_Calm
Potoliți_Calm
Preaslăvit_Worshiped
Preaslăvite_Worshiped
Preaslăvită_Worshiped
Preaslăviți_Worshiped
Preotească_Preist
Preotesc_Preist
Preotești_Preist
Preotului_preist
Preoților_Preist
Prestigiului_OfPrestige
Prialnice_Favourable
Prielnic_Favourable
Prielnici_Favourable
Prielnică_Favourable
Prigonit_Persecuted
Prigonite_Persecuted
Prigonită_Persecuted
Prigoniți_Persecuted
Prigoniților_OfThePersecuted
Primejdiilor_OfDanger
Primejdioase_Dangerous
Primejdioasă_Dangerous
Primejdios_Dangerous
Primejdioși_Dangerous
Primitiv_Primitive
Primitive_Primitive
Primitivi_Primitive
Primitivă_Primitive
Princiar_OfThePrince
Princiare_OfThePrince
Princiari_OfThePrince
Princiară_OfThePrince
Principelui_OfThePrince
Principesei_OfThePrince
Prințesei_OfThePrince
Prințului_OfThePrince
Profanat_Profaned
Profanate_Profaned
Profanată_Profaned
Profanați_Profaned
Profetului_OfTheProphet
Profeților_OfTheProphet
Prorocilor_OfTheProphet
Prorocului_OfTheProphet
Proscrisei_OfTheOutlaw
Proscriselor_OfTheOutlaw
Proscrisului_OfTheOutlaw
Proscrișilor_OfTheOutlaw
Prăfuit_Dusty
Prăfuite_Dusty
Prăfuită_Dusty
Prăfuiți_Dusty
Prăpădit_Destroyed
Prăpădite_Destroyed
Prăpădită_Destroyed
Prăpădiți_Destroyed
Pustie_Empty
Pustii_Empty
Pustiu_Empty
Pustnic_Lonely
Pustnici_Lonely
Pustnicului_Lonely
Puternic_Strong
Puternice_Strong
Puternici_Strong
Puternică_Strong
Putred_Rotten
Putrede_Rotten
Putredă_Rotten
Putrezi_Rotten
Putrezit_Rotten
Putrezite_Rotten
Putrezită_Rotten
Putreziți_Rotten
Puturoase_Stinky
Puturoasă_Stinky
Puturos_Stinky
Puturoși_Stinky
Păcatelor_OfSin
Păcatului_OfSin
Păcătoase_Sinner
Păcătoasei_OfTheSinner
Păcătoaselor_OfTheSinner
Păcătoasă_Sinner
Păcătos_Sinner
Păcătosului_OfTheSinner
Păcătoși_Sinner
Păcătoșilor_OfTheSinner
Părăsit_Abandoned
Părăsite_Abandoned
Părăsită_Abandoned
Părăsiți_Abandoned
Pătimaș_Passionate
Pătimașe_Passionate
Pătimași_Passionate
Pătimașă_Passionate
Radioactiv_Radioactive
Radioactive_Radioactive
Radioactivi_Radioactive
Radioactivă_Radioactive
Raiului_OfHeaven
Ratrasă_Lonely
Rece_Cold
Reci_Cold
Regal_Regal
Regali_Regal
Regală_Regal
Regelui_Regelui
Regilor_Regelui
Reginei_Regelui
Reginelor_Regelui
Regretelor_Regret
Regretului_Regret
Retezat_Cut
Retezate_Cut
Retezată_Cut
Retezați_Cut
Retras_Lonely
Retrase_Lonely
Retrași_Lonely
Rezistent_Resistent
Rezistente_Resistent
Rezistentă_Resistent
Rezistenți_Resistent
Ridat_Wrinkled
Ridate_Wrinkled
Ridată_Wrinkled
Ridați_Wrinkled
Robust_Sturdy
Robuste_Sturdy
Robustă_Sturdy
Robuști_Sturdy
Roditoare_Fruitful
Roditor_Fruitful
Roditori_Fruitful
Roial_Royal
Roiale_Royal
Roiali_Royal
Roială_Royal
Român_Romanian
Române_Romanian
Românească_Romanian
Românesc_Romanian
Românești_Romanian
Români_Romanian
României_OfRomania
Românilor_OfTheRomanianMan
Românului_OfTheRomanianMan
Rotund_Round
Rotunde_Round
Rotundă_Round
Rotunzi_Round
Roșie_Red
Roșii_Red
Roșu_Red
Ruginie_Rusty
Ruginii_Rusty
Ruginit_Rusty
Ruginite_Rusty
Ruginită_Rusty
Ruginiu_Rusty
Ruginiți_Rusty
Ruinant_Ruining
Ruinante_Ruining
Ruinantă_Ruining
Ruinanți_Ruining
Ruinat_Ruined
Ruinate_Ruined
Ruinată_Ruined
Ruinați_Ruined
Ruinătoare_Ruining
Ruinător_Ruining
Ruinători_Ruining
Rupt_Ripped
Rupte_Ripped
Ruptă_Ripped
Rupți_Ripped
Rustic_Rustic
Rustice_Rustic
Rustici_Rustic
Rustică_Rustic
Rușinii_OfShame
Râpoase_Steep
Râpoasă_Steep
Râpos_Steep
Râpoși_Steep
Râvnei_OfDiligence
Răcoroase_Cold
Răcoroasă_Cold
Răcoros_Cold
Răcoroși_Cold
Rădăcinoase_Rooty
Rădăcinos_Rooty
Rădăcinoși_Rooty
Rădăcionasă_Rooty
Rănit_Wounded
Rănite_Wounded
Rănită_Wounded
Răniți_Wounded
Răposatului_OfTheDead
Răposaților_OfTheDead
Răscolitoare_Disturbing
Răscolitor_Disturbing
Răscolitori_Disturbing
Răsucit_Twisted
Răsucite_Twisted
Răsucită_Twisted
Răsuciți_Twisted
Răsunătoare_Resounding
Răsunător_Resounding
Răsunători_Resounding
Răsăritean_Western
Răsăriteană_Western
Răsăritene_Western
Răsăriteni_Western
Răului_OfEvil
Răutății_OfEvil
Răuvoinței_OfMalevolence
Răzbunării_OfRevenge
Sacre_Sacred
Sacrificiilor_OfSacrifice
Sacrificiului_OfSacrifice
Sacrii_Sacred
Sacru_Sacred
Salvării_OfSalvation
Sceptrului_OfTheSceptre
Scobit_Hollowed
Scobite_Hollowed
Scobită_Hollowed
Scobiți_Hollowed
Scorburoase_Hollow
Scorburoasă_Hollow
Scorburos_Hollow
Scorburoși_Hollow
Scorțoase_Rough
Scorțoasă_Rough
Scorțos_Rough
Scorțoși_Rough
Scurt_Short
Scurte_Short
Scurtă_Short
Scurți_Short
Seacă_Dry
Sec_Dry
Seci_Dry
Secret_Secret
Secrete_Secret
Secretelor_OfTheSecrets
Secretă_Secret
Secreți_Secret
Secular_Secular
Seculare_Secular
Seculari_Secular
Seculară_Secular
Senin_Serene
Senine_Serene
Senini_Serene
Senină_Serene
Sentinelei_OfTheSentinel
Sentinelelor_OfTheSentinel
Separat_Separated
Separate_Separated
Separată_Separated
Separați_Separated
Sever_Severe
Severe_Severe
Severi_Severe
Severă_Severe
Sfinte_Holy
Sfinți_Holy
Sfânt_Holy
Sfântă_Holy
Sfărmat_Shattered
Sfărmate_Shattered
Sfărmată_Shattered
Sfărmați_Shattered
Sfărâmicioase_Shattered
Sfărâmicioasă_Shattered
Sfărâmicios_Shattered
Sfărâmicioși_Shattered
Sihastre_Lonely
Sihastru_Lonely
Sihastră_Lonely
Sihaștrii_Lonely
Silențioase_Silent
Silențioasă_Silent
Silențios_Silent
Silențioși_Silent
Silvan_Forest
Silvane_Forest
Silvani_Forest
Silvană_Forest
Singuratic_Lonely
Singuratică_Lonely
Slab_Weak
Slabe_Weak
Slabi_Weak
Slabă_Weak
Slavită_Worshiped
Slăvit_Worshiped
Slăvite_Worshiped
Slăviți_Worshiped
Soarelui_OfTheSun
Solid_Solid
Solide_Solid
Solidă_Solid
Solitar_Lonely
Solitare_Lonely
Solitară_Lonely
Solizi_Solid
Soltari_Lonely
Soroase_Sunny
Soroasă_Sunny
Soros_Sunny
Soroși_Sunny
Sorții_OfFate
Spart_Shattered
Sparte_Shattered
Spartă_Shattered
Sparți_Shattered
Speranței_Hope
Spân_Bald
Spâne_Bald
Spâni_Bald
Spânului_OfTheBaldMan
Spânzuratului_OfTheHangedMan
Spânzuraților_OfTheHangedMan
Spână_Bald
Stafiei_OfTheGhost
Stafiilor_OfTheGhost
Steril_Lifeless
Sterile_Lifeless
Sterili_Lifeless
Sterilă_Lifeless
Sterp_Lifeless
Sterpe_Lifeless
Sterpi_Lifeless
Sterpă_Lifeless
Stins_Extinguished
Stinsă_Extinguished
Stinși_Extinguished
Strașnic_Grand
Strașnice_Grand
Strașnici_Grand
Strașnică_Grand
Strigătelor_OfTheScream
Strâmb_Crooked
Strâmbe_Crooked
Strâmbi_Crooked
Strâmbă_Crooked
Strămoșească_OfTheAncestors
Strămoșesc_OfTheAncestors
Strămoșești_OfTheAncestors
Strămoșilor_OfTheAncestors
Străveche_Ancient
Străvechi_Ancient
Stâncoase_Rocky
Stâncoasă_Rocky
Stâncos_Rocky
Stâncoși_Rocky
Stâpânului_OfTheMaster
Stăpânilor_OfTheMaster
Stăruinței_OfPerseverance
Stăruinței_OfPerseverence
Stătut_Stale
Stătute_Stale
Stătută_Stale
Stătuți_Stale
Sublim_Sublime
Sublime_Sublime
Sublimi_Sublime
Sublimă_Sublime
Subțire_Thin
Subțiri_Thin
Sucit_Twisted
Sucite_Twisted
Sucită_Twisted
Suciți_Twisted
Sudic_Southern
Sudici_Southern
Sudică_Southern
Suferinței_OfSuffering
Sufletelor_OfSouls
Sufocant_Suffocating
Sufocante_Suffocating
Sufocantă_Suffocating
Sufocanți_Suffocating
Sumbre_Gloomy
Sumbri_Gloomy
Sumbru_Gloomy
Sumbră_Gloomy
Superb_Superb
Superbe_Superb
Superbi_Superb
Superbă_Superb
Superioare_Superior
Superioară_Superior
Superior_Superior
Superiori_Superior
Superstițiilor_OfSuperstitions
Supărat_Sorrow
Supărate_Sorrow
Supărată_Sorrow
Supărați_Sorrow
Supărării_Sorrow
Suspicioase_Suspicious
Suspicioasă_Suspicious
Suspicios_Suspicious
Suspicioși_Suspicious
Suspinelor_OfSigh
Suspinului_OfSigh
Sângeroase_Bloody
Sângeroasă_Bloody
Sângeros_Bloody
Sângeroși_Bloody
Sârguinței_OfDiligence
Sălbatic_Wild
Sălbatice_Wild
Sălbatici_Wild
Sălbaticilor_OfTheSavage
Sălbaticului_OfTheSavage
Sălbatică_Wild
Sămădăului_OfTheSamad
Sărac_Poor
Sărace_Poor
Săraci_Poor
Săracă_Poor
Sărat_Salty
Sărate_Salty
Sărată_Salty
Sărați_Salty
Sărutului_OfTheKiss
Temperat_Temperate
Temperate_Temperate
Temperată_Temperate
Temperați_Temperate
Tentației_OfTemptation
Tentațiilor_OfTemptation
Tentării_OfTemptation
Tentărilor_OfTemptation
Terasat_Terraced
Terasate_Terraced
Terasați_Terraced
Teribil_Terrible
Teribile_Terrible
Teribili_Terrible
Teribilă_Terrible
Terrasată_Terraced
Testamentelor_OfTheTestament
Testamentului_OfTheTestament
Ticălosului_OfTheVillain
Ticăloșilor_OfTheVillain
Tinere_Young
Tineri_Young
Titanic_Titanic
Titanice_Titanic
Titanici_Titanic
Titanică_Titanic
Topit_Molten
Topite_Molten
Topită_Molten
Topiți_Molten
Torid_Scorching
Toride_Scorching
Toridă_Scorching
Torizi_Scorching
Toxic_Toxic
Toxice_Toxic
Toxici_Toxic
Toxică_Toxic
Trist_Sorrow
Triste_Sorrow
Tristeții_Sorrow
Tristă_Sorrow
Triumfului_OfVictory
Triști_Sorrow
Trunchiat_Truncated
Trunchiate_Truncated
Trunchiată_Truncated
Trunchiați_Truncated
Trădătorilor_OfTheTraitor
Trădătorului_OfTheTraitor
Tulburat_Troubled
Tulburate_Troubled
Tulburată_Troubled
Tulburați_Troubled
Tulburătoare_Thrilling
Tulburător_Thrilling
Tulburători_Thrilling
Tunătoare_Thundering
Tunător_Thundering
Tunători_Thundering
Turtit_Flattened
Turtite_Flattened
Turtită_Flattened
Turtiți_Flattened
Tâlharilor_OfTheThief
Tâlharului_OfTheThief
Tânăr_Young
Tânără_Young
Tăcerii_OfSilence
Tăciunii_OfBlight
Tăciunilor_OfBlight
Tăcut_Quiet
Tăcute_Quiet
Tăcută_Quiet
Tăcuți_Quiet
Tăiat_Cut
Tăiate_Cut
Tăiată_Cut
Tăiați_Cut
Tăioase_Sharp
Tăioasă_Sharp
Tăios_Sharp
Tăioși_Sharp
Tămăduirii_OfHealing
Tămăduitoare_Healing
Tămăduitor_Healing
Tămăduitori_Healing
Ucenicilor_OfTheDisciple
Ucenicului_OfTheDisciple
Ucigătoare_Killer
Ucigător_Killer
Ucigători_Killer
Uitat_Forgotten
Uitate_Forgotten
Uitată_Forgotten
Uitați_Forgotten
Uitării_OfForgetfulness
Uitărilor_OfForgetfulness
Uluitoare_Amazing
Uluitor_Amazing
Uluitori_Amazing
Umbrei_Shadowy
Umbrelor_Shadowy
Umbroase_Shadowy
Umbroasă_Shadowy
Umbros_Shadowy
Umbroși_Shadowy
Umflat_Bloated
Umflate_Bloated
Umflată_Bloated
Umflați_Bloated
Uriaș_Big
Uriașe_Big
Uriași_Big
Uriașă_Big
Urii_OfHate
Urletelor_OfTheScream
Urletului_OfTheScream
Urlătoare_Howling
Urlătoarelor_OfTheScream
Urlător_Howling
Urlători_Howling
Urlătorilor_OfTheScream
Urât_Ugly
Urâte_Ugly
Urâtă_Urâț
Urâți_Ugly
Uscat_Dry
Uscate_Dry
Uscată_Dry
Uscați_Dry
Vag_Obscure
Vagi_Obscure
Vagă_Obscure
Vamal_AtTheBorder
Vamală_AtTheBorder
Vameș_AtTheBorder
Vameșă_AtTheBorder
Vast_Big
Vaste_Big
Vastă_Big
Vaști_Big
Veche_Old
Vechi_Old
Venerat_Worshiped
Venerate_Worshiped
Venerată_Worshiped
Venerați_Worshiped
Verde_Green
Vesel_Happy
Vesele_Happy
Veseli_Happy
Veselă_Happy
Vestic_Western
Vestice_Western
Vestică_Western
Veșnic_Eternal
Veșnice_Eternal
Veșnici_Eternal
Veșnică_Eternal
Veșted_Withered
Veștede_Withered
Veștedă_Withered
Veștejit_Withered
Veștejite_Withered
Veștejită_Withered
Veștejiți_Withered
Veștezi_Withered
Viciilor_OfVice
Viciului_OfVice
Victoriei_OfVictory
Vie_Alive
Viforatic_Stormy
Viforatice_Stormy
Viforatici_Stormy
Viforatică_Stormy
Viforelor_OfTheStorm
Viforului_OfTheStorm
Viguroase_Vigourous
Viguroasă_Vigourous
Viguros_Vigourous
Viguroși_Vigourous
Vii_Alive
Vindecării_OfHealing
Vindecătoare_Healing
Vindecător_Healing
Vindecători_Healing
Violent_Violent
Violente_Violent
Violentă_Violent
Violenței_OfViolence
Violenți_Violent
Violet_Violet
Violete_Violet
Violetă_Violet
Violeți_Violet
Virgin_Virgin
Virgine_Virgin
Virgini_Virgin
Virgină_Virgin
Viselor_OfTheDreams
Visătoare_Dreamy
Visător_Dreamy
Visători_Dreamy
Viteaz_Brave
Vitează_Brave
Viteji_Brave
Viteze_Brave
Vitezești_Brave
Vitreg_Disfavoured
Vitrege_Disfavoured
Vitregi_Disfavoured
Vitregit_Disfavoured
Vitregite_Disfavoured
Vitregită_Disfavoured
Vitregiți_Disfavoured
Vitregă_Disfavoured
Viu_Alive
Vlăguitoare_Exhausting
Vlăguitor_Exhausting
Vlăguitori_Exhausting
Voinic_Sturdy
Voinice_Sturdy
Voinicească_OfTheBraveMan
Voinicesc_OfTheBraveMan
Voinicești_OfTheBraveMan
Voinici_Sturdy
Voinicilor_OfTheBraveMan
Voinicului_OfTheBraveMan
Voinică_Sturdy
Voinței_OfWill
Vredniciei_OfWorth
Vrăjit_Charmed
Vrăjite_Charmed
Vrăjitoarei_OfTheWitch
Vrăjitoarelor_OfTheWitch
Vrăjită_Charmed
Vrăjiți_Charmed
Vrăjmaș_Enemy
Vrăjmașe_Enemy
Vrăjmași_Enemy
Vrăjmașă_Enemy
Vânturilor_Windy
Vânturoase_Widy
Vânturoasă_Windy
Vânturos_Windy
Vânturoși_Windy
Vârstnic_Elder
Vârstnice_Elder
Vârstnici_Elder
Vârstnică_Elder
Vâscoase_Sticky
Vâscoasă_Sticky
Vâscos_Sticky
Vâscoși_Sticky
Zdravene_Sturdy
Zdraveni_Sturdy
Zdravăn_Sturdy
Zdravănă_Sturdy
Zdrobit_Smashed
Zdrobite_Smashed
Zdrobitoare_Smashing
Zdrobitor_Smashing
Zdrobitori_Smashing
Zdrobită_Smashed
Zdrobiți_Smashed
Zeilor_OfTheGod
Zeiței_OfTheGod
Zeițelor_OfTheGod
Zelului_OfZeal
Zeului_OfTheGod
Zimțat_Jagged
Zimțate_Jagged
Zimțată_Jagged
Zimțați_Jagged
Zâmbetelor_OfSmile
Zâmbetului_OfSmile
Zânei_OfTheFairy
Zânelor_OfTheFairy
cea Aleasă_TheChosen
cei Aleși_TheChosen
cel Ales_TheChosen
cele Alese_TheChosen
cu Bube_WithBoils
cu Cicatrici_WithScars
cu Cratere_WithCraters
cu Cruci_WithCrosses
cu Fantasme_WithGhost
cu Fantome_WithGhost
cu Fosile_WithFossils
cu Noroc_WithLuck
cu Podoabe_WithOrnaments
cu Terase_WithTerraces
cu Zâne_WithFairies
de Apus_Eastern
de Aramă_OfBrass
de Aur_OfGold
de Bronz_OfBronze
de Calciu_OfCalcium
de Capăt_AtTheBorder
de Cenușă_OfAsh
de Cherestea_OfTimber
de Cotitură_Curved
de Cupru_OfCopper
de Căpătâi_TheFirst
de Est_Eastern
de Fier_OfIron
de Foc_OfFire
de Frontieră_AtTheBorder
de Hotar_AtTheBorder
de Jos_Lower
de Lut_OfClay
de Margine_AtTheBorder
de Metal_OfMetal
de Mijloc_Central
de Nisip_OfSand
de Nord_Northern
de Oțel_OfSteel
de Piatră_OfStone
de Platină_OfPlatinum
de Plumb_OfLead
de Răsărit_Western
de Sfârșit_AtTheBorder
de Sud_Southern
de Sus_Upper
de Temelie_Founding
de Veghe_OfTheWatch
de Vest_Western
de Început_AtTheBorder
din Față_FromTheFront
din Spate_FromTheBack
fără Cap_Headless
fără Capăt_Endless
fără Fund_Bottomless
fără Lege_Lawless
fără Limite_Limitless
fără Sfârșit_Endless
fără Soare_Sunless
fără Suflet_Soulless
fără Viață_Lifeless
fără Vlagă_Limplye
lui Dumnezeu_OfTheGod
lui Satan_OfTheDevil
lui Zamolxe_OfTheGod
Împădurit_Forest
Împădurite_Forest
Împădurită_Forest
Împăduriți_Forest
Împăratului_OfTheEmperor
Împăraților_OfTheEmperor
Împărătească_Imperial
Împărătesc_Imperial
Împărătesei_OfTheEmperor
Împărăteselor_OfTheEmperor
Împărătești_Imperial
Înalt_Tall
Înaltă_Tall
Înalți_Tall
Încercărilor_OfTrials
Încețoșat_Misty
Încețoșate_Misty
Încețoșată_Misty
Încețoșați_Misty
Înclinat_Sloped
Înclinate_Sloped
Înclinată_Sloped
Înclinați_Sloped
Încovoiat_Bent
Încovoiat_Inflected
Încovoiate_Bent
Încovoiate_Inflected
Încovoiată_Bent
Încovoiată_Inflected
Încovoiați_Bent
Încovoiați_Inflected
Încrestat_Jagged
Încrestate_Jagged
Încrestată_Jagged
Încrestați_Jagged
Încântării_OfPleasure
Încântărilor_OfPleasure
Încântătoare_Pleasing
Încântător_Pleasing
Încântători_Pleasing
Îndepărtat_Far
Îndepărtate_Far
Îndepărtată_Far
Îndepărtați_Far
Îndoit_Bent
Îndoite_Bent
Îndoită_Bent
Îndoiți_Bent
Îndoliat_Mourning
Îndoliate_Mourning
Îndoliată_Mourning
Îndoliați_Mourning
Îndurerat_Pained
Îndurerate_Pained
Îndurerată_Pained
Îndurerați_Pained
Înfometat_Hungry
Înfometate_Hungry
Înfometați_Hungry
Înfricoșătoare_Scary
Înfricoșător_Scary
Înfricoșători_Scary
Îngenuncheat_Kneeling
Îngenuncheate_Kneeling
Îngenuncheată_Kneeling
Îngenuncheați_Kneeling
Îngeresc_OfTheAngel
Îngerești_OfTheAngel
Îngerilor_OfTheAngel
Îngerului_OfTheAngel
Înghețat_Frozen
Înghețate_Frozen
Înghețată_Frozen
Înghețați_Frozen
Îngrozitoare_Fearful
Îngrozitor_Fearful
Îngrozitori_Fearful
Îngrămădit_Crowded
Îngrămădite_Crowded
Îngrămădită_Crowded
Îngrămădiți_Crowded
Îngust_Thin
Înguste_Thin
Îngustă_Thin
Înguști_Thin
Înlăcrimat_Tearful
Înlăcrimate_Tearful
Înlăcrimată_Tearful
Înlăcrimați_Tearful
Înrobit_Enslaved
Înrobite_Enslaved
Înrobită_Enslaved
Înrobiți_Enslaved
Însemnat_Significant
Însemnate_Significant
Însemnată_Significant
Însemnați_Significant
Însorit_Sunny
Însorite_Sunny
Însorită_Sunny
Însoriți_Sunny
Înspăimântoare_Fearful
Înspăimântor_Fearful
Înspăimântori_Fearful
Înspăimântării_OfFear
Înspăimântătoare_Fearful
Înspăimântător_Fearful
Înspăimântători_Fearful
Însângerat_Bloody
Însângerate_Bloody
Însângerată_Bloody
Însângerați_Bloody
Întins_Stretched
Întinse_Stretched
Întinsă_Stretched
Întinși_Stretched
Întunecat_Dark
Întunecate_Dark
Întunecată_Dark
Întunecați_Dark
Întunecoase_Dark
Întunecoasă_Dark
Întunecos_Dark
Întunecoși_Dark
Întunericului_Dark
Învolburat_Whirling
Învolburate_Whirling
Învolburată_Whirling
Înăbușit_Smoldering
Înăbușite_Smoldering
Înăbușitoare_Smoldering
Înăbușitor_Smoldering
Înăbușitori_Smoldering
Înăbușită_Smoldering
Înăbușiți_Smoldering
Înțeleaptă_Wise
Înțelepciunii_OfWisdon
Înțelept_Wise
Înțelepte_Wise
Înțelepți_Wise
în Doliu_Mourning
Șamanilor_OfTheShaman
Șamanului_OfTheShaman
Șoaptelor_OfTheWhispers
Șoptitoare_Whispering
Șoptitor_Whispering
Șoptitori_Whispering
