Abandonat_Abandoned
Abandonată_Abandoned
Abandonate_Abandoned
Abandonați_Abandoned
Abătut_Sorrow
Abătută_Sorrow
Abătute_Sorrow
Abătuți_Sorrow
Abisal_OfTheAbyss
Abisală_OfTheAbyss
Abisale_OfTheAbyss
Abisali_OfTheAbyss
Abiselor_OfTheAbyss
Abisului_OfTheAbyss
Abrupt_Steep
Abruptă_Steep
Abrupte_Steep
Abrupți_Steep
Abundent_Rich
Abundentă_Rich
Abundente_Rich
Abundenți_Rich
Aburit_Steamy
Aburită_Steamy
Aburite_Steamy
Aburiți_Steamy
Aburoasă_Steamy
Aburoase_Steamy
Aburos_Steamy
Aburoși_Steamy
Adânc_Deep
Adâncă_Deep
Adânce_Deep
Adânci_Deep
Afundat_Sunken
Afundată_Sunken
Afundate_Sunken
Afundați_Sunken
Amețit_Dizzy
Amețită_Dizzy
Amețite_Dizzy
Amețiți_Dizzy
Antic_Ancient
Antică_Ancient
Antică_Ancient
Antici_Ancient
Apus_Fallen
Apusă_Fallen
Apuse_Fallen
Apusean_Eastern
Apuseană_Eastern
Apusene_Eastern
Apuseni_Eastern
Apuși_Fallen
Argintie_Silver
Argintii_Silver
Argintiu_Silver
Arid_Arid
Aridă_Arid
Aride_Arid
Arizi_Arid
Articulat_Articulated
Articulată_Articulated
Articulate_Articulated
Articulați_Articulated
Ascuns_Hidden
Ascunsă_Hidden
Ascunse_Hidden
Ascunși_Hidden
Ascuțit_Sharp
Ascuțită_Sharp
Ascuțite_Sharp
Ascuțiti_Sharp
Astupat_Plugged
Astupată_Plugged
Astupate_Plugged
Astupați_Plugged
Aurie_Golden
Aurii_Golden
Auriu_Golden
Babei_OfTheElder
Babelor_OfTheElder
Bântuit_Haunted
Bântuită_Haunted
Bântuite_Haunted
Bântuiți_Haunted
Bătrân_Elder
Bătrână_Elder
Bătrâne_Elder
Bătrâni_Elder
Blestemat_Cursed
Blestemată_Cursed
Blestemate_Cursed
Blestemați_Cursed
Bogat_Rich
Bogată_Rich
Bogate_Rich
Bogați_Rich
Boierească_OfTheNoble
Boieresc_OfTheNoble
Boierești_OfTheNoble
Boierilor_OfTheNoble
Bolnav_Sick
Bolnavă_Sick
Bolnave_Sick
Bolnavi_Sick
Brav_Brave
Bravă_Brave
Brave_Brave
Bravi_Brave
Bucuroasă_Happy
Bucuroase_Happy
Bucuros_Happy
Bucuroși_Happy
Cald_Warm
Caldă_Warm
Calde_Warm
Călduroasă_Warm
Călduroase_Warm
Călduros_Warm
Călduroși_Warm
Călugărească_OfTheMonk
Călugăresc_OfTheMonk
Călugărești_OfTheMonk
Călugărilor_OfTheMonk
Călugărului_OfTheMonk
Calzi_Warm
Cenușii_OfAsh
Cețoasă_Misty
Cețoase_Misty
Cețos_Misty
Cețoși_Misty
Chinuit_Persecuted
Chinuită_Persecuted
Chinuite_Persecuted
Chinuiți_Persecuted
Chinului_Persecuted
Coroziv_Corrosive
Corozivă_Corrosive
Corozive_Corrosive
Corozivi_Corrosive
Corupt_Corrupted
Coruptă_Corrupted
Corupte_Corrupted
Corupți_Corrupted
Coșmarelor_OfTheNightmare
Coșmarului_OfTheNightmare
Cotropit_Invaded
Cotropită_Invaded
Cotropite_Invaded
Cotropiți_Invaded
Crăiască_Kingly
Crăiesc_Kingly
Crăiești_Kingly
Craiului_OfTheKing
Creață_Curly
Crestat_Jagged
Crestată_Jagged
Crestate_Jagged
Crestați_Jagged
Creț_Curly
Crețe_Curly
Creți_Curly
Culcat_Lying
Culcată_Lying
Culcate_Lying
Culcați_Lying
Curbat_Curved
Curbată_Curved
Curbate_Curved
Curbați_Curved
Cutremurătoare_Terrible
Cutremurător_Terrible
Cutremurători_Terrible
de Apus_Eastern
de Aramă_OfBrass
de Aur_OfGold
de Cenușă_OfAsh
de Cotitură_Curved
de Fier_OfIron
de Foc_OfFire
de Jos_Lower
de Lut_OfClay
de Margine_AtTheBorder
de Mijloc_Middle
de Oțel_OfSteel
de Plumb_OfLead
de Răsărit_Western
de Sus_Upper
de Veghe_OfTheWatch
Deschis_Open
Deschisă_Open
Deschise_Open
Deschiși_Open
Destinelor_Destiny
Destinului_Destiny
Discordiei_OfDiscord
Distrus_Destroyed
Distrusă_Destroyed
Distruse_Destroyed
Distruși_Destroyed
Domnească_OfTheLord
Domnesc_OfTheLord
Domnești_OfTheLord
Domnului_OfTheLord
Dorului_OfLonging
Dracilor_OfTheDevil
Dracului_OfTheDevil
Dreaptă_Straight
Drept_Straight
Drepte_Straight
Drepți_Straight
Durerii_OfWoe
Eroilor_OfTheHeroes
Estic_Eastern
Estică_Eastern
Estice_Eastern
Estici_Eastern
Etern_Eternal
Eternă_Eternal
Eterne_Eternal
Eterni_Eternal
Fantasmei_OfTheGhost
Fantasmelor_OfTheGhost
Fantomei_OfTheGhost
Fantomelor_OfTheGhost
Ferit_Lonely
Ferită_Lonely
Ferite_Lonely
Feriți_Lonely
Fermecat_Charmed
Fermecată_Charmed
Fermecate_Charmed
Fermecați_Charmed
Focului_OfFire
Friguroasă_Cold
Friguroase_Cold
Friguros_Cold
Friguroși_Cold
Frumoasă_Beautiful
Frumoase_Beautiful
Frumos_Beautiful
Frumoși_Beautiful
Goală_Empty
Goale_Empty
Goi_Empty
Gol_Empty
Grănicer_AtTheBorder
Grăniceră_AtTheBorder
Haiducească_OfTheOutlaw
Haiducesc_OfTheOutlaw
Haiducești_OfTheOutlaw
Haiducilor_OfTheOutlaw
Haiducului_OfTheOutlaw
Haosului_Chaotic
Haotic_Chaotic
Haotică_Chaotic
Haotice_Chaotic
Haotici_Chaotic
Împădurit_Forest
Împădurită_Forest
Împădurite_Forest
Împăduriți_Forest
Înalt_Tall
Înaltă_Tall
Înalți_Tall
Încețoșat_Misty
Încețoșată_Misty
Încețoșate_Misty
Încețoșați_Misty
Încrestat_Jagged
Încrestată_Jagged
Încrestate_Jagged
Încrestați_Jagged
Îndepărtat_Far
Îndepărtată_Far
Îndepărtate_Far
Îndepărtați_Far
Înfricoșătoare_Scary
Înfricoșător_Scary
Înfricoșători_Scary
Înghețat_Frozen
Înghețată_Frozen
Înghețate_Frozen
Înghețați_Frozen
Îngust_Thin
Îngustă_Thin
Înguste_Thin
Înguști_Thin
Însângerat_Bloody
Însângerată_Bloody
Însângerate_Bloody
Însângerați_Bloody
Însorit_Sunny
Însorită_Sunny
Însorite_Sunny
Însoriți_Sunny
Întins_Stretched
Întinsă_Stretched
Întinse_Stretched
Întinși_Stretched
Întunecat_Dark
Întunecată_Dark
Întunecate_Dark
Întunecați_Dark
Întunericului_Dark
Inundat_Flooded
Inundată_Flooded
Inundate_Flooded
Inundați_Flooded
Izolat_Lonely
Izolată_Lonely
Izolate_Lonely
Izolați_Lonely
Jigărit_Weedy
Jigărită_Weedy
Jigărite_Weedy
Jigăriți_Weedy
Joase_Lower
Joși_Lower
Larg_Big
Largă_Big
Largi_Big
Lat_Big
Lată_Big
Late_Big
Lați_Big
Liber_Free
Liberă_Free
Libere_Free
Liberi_Free
Liniștit_Calm
Liniștită_Calm
Liniștite_Calm
Liniștiți_Calm
Lipitorii_OfTheLeech
Lipitorilor_OfTheLeech
Luminii_Light
Luminilor_Light
Luminoasă_Light
Luminoase_Light
Luminos_Light
Luminoși_Light
Mâloasă_Muddy
Mâloase_Muddy
Mâlos_Muddy
Mâloși_Muddy
Mândră_Proud
Mândre_Proud
Mândrii_Proud
Mândru_Proud
Mare_Big
Mari_Big
Mic_Small
Mică_Small
Mici_Small
Minunat_Wonder
Minunată_Wonder
Minunate_Wonder
Minunați_Wonder
Minunii_OfWonders
Minunilor_OfWonders
Mirelui_Groom
Miresei_Bride
Mireselor_Bride
Mirilor_Groom
Misterioasă_Misterous
Misterioase_Misterious
Misterios_Misterious
Misterioși_Misterious
Moartă_Dead
Moarte_Dead
Mohorât_Bleak
Mohorâtă_Bleak
Mohorâte_Bleak
Mohorâți_Bleak
Mort_Dead
Morți_Dead
Morții_Dead
Morților_OfTheDead
Mortului_OfTheDead
Moșilor_OfTheElder
Moșului_OfTheElder
Nămoloasă_Muddy
Nămoloase_Muddy
Nămolos_Muddy
Nămoloși_Muddy
Neagră_Black
Neatins_Virgin
Neatinsă_Virgin
Neatinse_Virgin
Neatinși_Virgin
Nebunilor_OfTheMadman
Nebunului_OfTheMadman
Necăjit_Sorrow
Necăjită_Sorrow
Necăjite_Sorrow
Necăjiți_Sorrow
Necazului_Sorrow
Necazurilor_Sorrow
Necruțătoare_Ruthless
Necruțătoare_Ruthless
Necruțător_Ruthless
Necruțători_Ruthless
Negre_Black
Negrii_Black
Negru_Black
Neted_Smooth
Netedă_Smooth
Netede_Smooth
Netezi_Smooth
Nimănui_OfNobody
Nobil_Noble
Nobilă_Noble
Nobile_Noble
Nobili_Noble
Nobiliar_OfTheNoble
Nobiliară_OfTheNoble
Nobiliare_OfTheNoble
Nobiliari_OfTheNoble
Nobililor_OfTheNoble
Noi_New
Nordic_Nordic
Nordică_Nordic
Nordice_Nordic
Nordici_Nordic
Norocoasă_Fortunate
Norocoase_Fortunate
Norocos_Fortunate
Norocoși_Fortunate
Noroioasă_Mudy
Noroioase_Mudy
Noroios_Mudy
Noroioși_Mudy
Nou_New
Nouă_New
Oaselor_OfBones
Obosit_Tired
Obosită_Tired
Obosite_Tired
Obosiți_Tired
Obscur_Obscure
Obscură_Obsucre
Obscure_Obscure
Obscuri_Obscure
Occidental_Western
Occidentală_Western
Occidentale_Western
Occidentali_Western
Ofilit_Withered
Ofilită_Withered
Ofilite_Withered
Ofiliți_Withered
Oriental_Eastern
Orientală_Eastern
Orientale_Eastern
Orientali_Eastern
Osândei_Doom
Osândit_Doom
Osândită_Doom
Osândite_Doom
Osdândiți_Doom
Părăsit_Abandoned
Părăsită_Abandoned
Părăsite_Abandoned
Părăsiți_Abandoned
Pelerinilor_OfThePilgrim
Pelerinului_OfThePilgrim
Periculoasă_Dangerous
Periculoase_Dangerous
Periculos_Dangerous
Periculoși_Dangerous
Pierdut_Lost
Pierdută_Lost
Pierdute_Lost
Pierduți_Lost
Pietroasă_Rocky
Pietroase_Rocky
Pietros_Rocky
Pietroși_Rocky
Pitic_Small
Pitic_Smallă
Pitici_Small
Pitorească_Rustic
Pitoresc_Rustic
Pitorești_Rustic
Plânsetelor_OfTheCries
Plânsetului_OfTheCries
Popii_Preist
Prăfuit_Dusty
Prăfuită_Dusty
Prăfuite_Dusty
Prăfuiți_Dusty
Prăpădit_Destroyed
Prăpădită_Destroyed
Prăpădite_Destroyed
Prăpădiți_Destroyed
Preotească_Preist
Preotesc_Preist
Preotești_Preist
Preoților_Preist
Preotului_preist
Prigonit_Persecuted
Prigonită_Persecuted
Prigonite_Persecuted
Prigoniți_Persecuted
Prigoniților_OfThePersecuted
Primitiv_Primitive
Primitivă_Primitive
Primitive_Primitive
Primitivi_Primitive
Profanat_Profaned
Profanată_Profaned
Profanate_Profaned
Profanați_Profaned
Pustie_Empty
Pustii_Empty
Pustiu_Empty
Pustnic_Lonely
Pustnici_Lonely
Pustnicului_Lonely
Putred_Rotten
Putredă_Rotten
Putrede_Rotten
Putrezi_Rotten
Putrezit_Rotten
Putrezită_Rotten
Putrezite_Rotten
Putreziți_Rotten
Râpoasă_Steep
Râpoase_Steep
Râpos_Steep
Râpoși_Steep
Răsăritean_Western
Răsăriteană_Western
Răsăritene_Western
Răsăriteni_Western
Răsucit_Twisted
Răsucită_Twisted
Răsucite_Twisted
Răsuciți_Twisted
Ratrasă_Lonely
Rece_Cold
Reci_Cold
Regal_Regal
Regală_Regal
Regali_Regal
Regelui_Regelui
Regilor_Regelui
Reginei_Regelui
Reginelor_Regelui
Regretelor_Regret
Regretului_Regret
Retezat_Cut
Retezată_Cut
Retezate_Cut
Retezați_Cut
Retras_Lonely
Retrase_Lonely
Retrași_Lonely
Ridat_Wrinkled
Ridată_Wrinkled
Ridate_Wrinkled
Ridați_Wrinkled
Român_Romanian
Române_Romanian
Românească_Romanian
Românesc_Romanian
Românești_Romanian
Români_Romanian
Roșie_Red
Roșii_Red
Roșu_Red
Rotund_Round
Rotundă_Round
Rotunde_Round
Rotunzi_Round
Ruginie_Rusty
Ruginii_Rusty
Ruginit_Rusty
Ruginită_Rusty
Ruginite_Rusty
Ruginiți_Rusty
Ruginiu_Rusty
Rustic_Rustic
Rustică_Rustic
Rustice_Rustic
Rustici_Rustic
Sacre_Sacred
Sacre_Sacred
Sacrii_Sacred
Sacru_Sacred
Sălbatic_Wild
Sălbatică_Wild
Sălbatice_Wild
Sălbatici_Wild
Șamanilor_OfTheShaman
Șamanului_OfTheShaman
Sărac_Poor
Săracă_Poor
Sărace_Poor
Săraci_Poor
Sărat_Salty
Sărată_Salty
Sărate_Salty
Sărați_Salty
Scorțoasă_Rough
Scorțoase_Rough
Scorțos_Rough
Scorțoși_Rough
Scurt_Short
Scurtă_Short
Scurte_Short
Scurți_Short
Seacă_Dry
Sec_Dry
Seci_Dry
Secular_Secular
Seculară_Secular
Seculare_Secular
Seculari_Secular
Sfânt_Holy
Sfântă_Holy
Sfinte_Holy
Sfinți_Holy
Silvan_Forest
Silvană_Forest
Silvane_Forest
Silvani_Forest
Singuratic_Lonely
Singuratică_Lonely
Șoaptelor_OfTheWhispers
Soarelui_OfTheSun
Solitar_Lonely
Solitară_Lonely
Solitare_Lonely
Soltari_Lonely
Șoptitoare_Whispering
Șoptitor_Whispering
Șoptitori_Whispering
Speranței_Hope
Stâncoasă_Rocky
Stâncoase_Rocky
Stâncos_Rocky
Stâncoși_Rocky
Steril_Sterile
Sterilă_Sterile
Sterile_Sterile
Sterili_Sterile
Sterp_Sterile
Sterpă_Sterile
Sterpe_Sterile
Sterpi_Sterile
Strămoșească_OfTheAncestors
Strămoșesc_OfTheAncestors
Strămoșești_OfTheAncestors
Strămoșilor_OfTheAncestors
Străveche_Ancient
Străvechi_Ancient
Strigătelor_OfTheScream
Subțire_Thin
Subțiri_Thin
Sucit_Twisted
Sucită_Twisted
Sucite_Twisted
Suciți_Twisted
Sudic_Southern
Sudică_Southern
Sudici_Southern
Sufletelor_OfSouls
Supărării_Sorrow
Supărat_Sorrow
Supărată_Sorrow
Supărate_Sorrow
Supărați_Sorrow
Suspicioasă_Suspicious
Suspicioase_Suspicious
Suspicios_Suspicious
Suspicioși_Suspicious
Suspinelor_OfSigh
Suspinului_OfSigh
Tăiat_Cut
Tăiată_Cut
Tăiate_Cut
Tăiați_Cut
Tânăr_Young
Tânără_Young
Tinere_Young
Tineri_Young
Torid_Scorching
Toridă_Scorching
Toride_Scorching
Torizi_Scorching
Trist_Sorrow
Tristă_Sorrow
Triste_Sorrow
Tristeții_Sorrow
Triști_Sorrow
Turtit_Flattened
Turtită_Flattened
Turtite_Flattened
Turtiți_Flattened
Uitat_Forgotten
Uitată_Forgotten
Uitate_Forgotten
Uitați_Forgotten
Umbrei_Shadowy
Umbrelor_Shadowy
Umbroasă_Shadowy
Umbroase_Shadowy
Umbros_Shadowy
Umbroși_Shadowy
Urât_Ugly
Urâtă_Urâț
Urâte_Ugly
Urâți_Ugly
Urlătoare_Howling
Urlătoare_Howling
Urlătoarelor_OfTheScream
Urlător_Howling
Urlători_Howling
Urlătorilor_OfTheScream
Urletelor_OfTheScream
Urletului_OfTheScream
Uscat_Dry
Uscată_Dry
Uscate_Dry
Uscați_Dry
Vag_Obscure
Vagă_Obscure
Vagi_Obscure
Vamal_AtTheBorder
Vamală_AtTheBorder
Vameș_AtTheBorder
Vameșă_AtTheBorder
Vânturilor_Windy
Vânturoasă_Windy
Vânturoase_Widy
Vânturos_Windy
Vânturoși_Windy
Vast_Big
Vastă_Big
Vaste_Big
Vaști_Big
Veche_Old
Vechi_Old
Venerat_Worshiped
Venerată_Worshiped
Venerate_Worshiped
Venerați_Worshiped
Vesel_Happy
Veselă_Happy
Vesele_Happy
Veseli_Happy
Veșnic_Eternal
Veșnică_Eternal
Veșnice_Eternal
Veșnici_Eternal
Veșted_Withered
Veștedă_Withered
Veștede_Withered
Veștejit_Withered
Veștejită_Withered
Veștejite_Withered
Veștejiți_Withered
Veștezi_Withered
Vestic_Western
Vestică_Western
Vestice_Western
Vie_Alive
Vii_Alive
Virgin_Virgin
Virgină_Virgin
Virgine_Virgin
Virgini_Virgin
Visătoare_Dreamy
Visător_Dreamy
Visători_Dreamy
Viselor_OfTheDreams
Viteaz_Brave
Vitează_Brave
Viteji_Brave
Viteze_Brave
Vitezești_Brave
Vitreg_Disfavoured
Vitregă_Disfavoured
Vitrege_Disfavoured
Vitregi_Disfavoured
Vitregit_Disfavoured
Vitregită_Disfavoured
Vitregite_Disfavoured
Vitregiți_Disfavoured
Viu_Alive
Vrăjit_Charmed
Vrăjită__Charmed
Vrăjite_Charmed
Vrăjiți_Charmed
Vrăjitoarei_OfTheWitch
Vrăjitoarelor_OfTheWitch
Zânei_OfTheFairy
Zânelor_OfTheFairy
Zimțat_Jagged
Zimțată_Jagged
Zimțate_Jagged
Zimțați_Jagged